名次,电影名称,票房,总场次,人次,票价(元)
1,战狼2,http://img.58921.com/sites/all/movie/files/protec/54c3dfd3c38739cc2ac0dcad38e8fc6a.png,175.4万,1.05亿,36.6
2,流浪地球,http://img.58921.com/sites/all/movie/files/protec/4cff1c0f8aa116ab5b7c03fe33d6fcbf.png,105.15万,3960.79万,46.7
3,变形金刚5：最后的骑士,http://img.58921.com/sites/all/movie/files/protec/8c4f3583809a8a99e7ca0af6158e4390.png,104.17万,4869.33万,37.1
4,神偷奶爸3,http://img.58921.com/sites/all/movie/files/protec/3fc1378e257529af7596e92d55e50087.png,97.37万,4765.91万,35.1
5,加勒比海盗5：死无对证,http://img.58921.com/sites/all/movie/files/protec/2f4c27a2363f2b29b1e7335dc3c9fc33.png,86.27万,4121.37万,36.2
6,哪吒之魔童降世,http://img.58921.com/sites/all/movie/files/protec/ba2ab296eac1f3a63dfcaf6c1a491612.png,144.33万,3642.08万,38
7,红海行动,http://img.58921.com/sites/all/movie/files/protec/717d1d80a1ef6c64b4dcab2c3a52ce6d.png,80.01万,3441.64万,40
8,摔跤吧！爸爸,http://img.58921.com/sites/all/movie/files/protec/fbad4f7cd68c282b9c83e224d746d3c9.png,107.24万,4255.46万,31.1
9,悟空传,http://img.58921.com/sites/all/movie/files/protec/76f9ed4eb7609eb04b2fcf81b469f5e6.png,72.72万,3621.39万,36.4
10,复仇者联盟4：终局之战,http://img.58921.com/sites/all/movie/files/protec/abf8cb8f3ea5d1333199b24af8d97890.png,105.28万,2478.42万,51.1
11,速度与激情7,http://img.58921.com/sites/all/movie/files/protec/27e1e32f532654586b5197e16333902e.png,49.17万,2646.71万,47.7
12,捉妖记,http://img.58921.com/sites/all/movie/files/protec/00648e6f76d4111e40a8715247a19bbd.png,50.6万,2570.33万,46.2
13,唐人街探案2,http://img.58921.com/sites/all/movie/files/protec/9a7829e5b1e473adabf6ac952f752a07.png,62.72万,2974.91万,39.3
14,我不是药神,http://img.58921.com/sites/all/movie/files/protec/126497ef0b5998578bd59cec68694cdc.png,92.58万,3126.08万,35.8
15,速度与激情8,http://img.58921.com/sites/all/movie/files/protec/1cdd108fee4038df5722fa1ff4a37f8c.png,92.39万,2861.19万,39
16,寻龙诀,http://img.58921.com/sites/all/movie/files/protec/ec52c5c2ad86bb677a7d964ffad12ae8.png,45.42万,2333.84万,47.3
17,疯狂动物城,http://img.58921.com/sites/all/movie/files/protec/812a5aa34a0cb85d9346c27f19055dbe.png,63.34万,2412.84万,44.5
18,羞羞的铁拳,http://img.58921.com/sites/all/movie/files/protec/e4285dda4e936d53f05368b2c8332496.png,80.2万,2985.66万,34.4
19,港囧,http://img.58921.com/sites/all/movie/files/protec/43bb170516ee70357d688449de752a0a.png,44.52万,2312.69万,40.6
20,新木乃伊,http://img.58921.com/sites/all/movie/files/protec/09437859faac6e2d4899e3423a1c689e.png,60.53万,2531.38万,35.5
21,复仇者联盟3：无限战争,http://img.58921.com/sites/all/movie/files/protec/fb4d4c80f9eef26e1963dedf1848d3b1.png,78.11万,2291.8万,38.2
22,夏洛特烦恼,http://img.58921.com/sites/all/movie/files/protec/f4055526aa6651365565ed465b2099dc.png,50.79万,2214.67万,39.3
23,西虹市首富,http://img.58921.com/sites/all/movie/files/protec/e08d01d69c71c78780cc96d7fac1cefa.png,66.34万,2408.17万,35.9
24,神奇女侠,http://img.58921.com/sites/all/movie/files/protec/2a9936c34561c7ab790f390500ec65dc.png,58.19万,2364.12万,36.2
25,疯狂的外星人  2D,http://img.58921.com/sites/all/movie/files/protec/86bbee664999f9738aef675ce9c1a22b.png,49.62万,1899.9万,44.6
26,美人鱼,http://img.58921.com/sites/all/movie/files/protec/ad180844d9bd24feafd42c09f930584c.png,75.89万,1895.87万,44.5
27,美国队长3：英雄内战,http://img.58921.com/sites/all/movie/files/protec/57ef32dfd504a4c3e79a5a686d8b2824.png,52.49万,1791.81万,45.9
28,侏罗纪世界,http://img.58921.com/sites/all/movie/files/protec/1ccdf26d014bc66e5f96d39f4fa93dd5.png,38.86万,1640.1万,47.5
29,我和我的祖国,http://img.58921.com/sites/all/movie/files/protec/48d1662d253705702d4864663780db38.png,48.93万,1880.27万,40.3
30,前任3：再见前任,http://img.58921.com/sites/all/movie/files/protec/cc20f69854905310d825299034f204a3.png,56.44万,2093.09万,36
31,复仇者联盟2：奥创纪元,http://img.58921.com/sites/all/movie/files/protec/77568ce3e3b4b3f00e2664068b352a81.png,40.69万,1521.58万,49.3
32,海王,http://img.58921.com/sites/all/movie/files/protec/97219593e1d7845da2e291d26db51d8d.png,75.87万,1928.73万,38.6
33,侏罗纪世界2,http://img.58921.com/sites/all/movie/files/protec/f342fd5ad2957da06a1fc97ac950fb0f.png,66.67万,2010.95万,36.8
34,魔兽,http://img.58921.com/sites/all/movie/files/protec/44828068078520b33018845fba247951.png,51.53万,1510.59万,47
35,毒液：致命守护者,http://img.58921.com/sites/all/movie/files/protec/a627ef77e47c1b3bfeb80e66ab351729.png,71.74万,1891.03万,37.3
36,后来的我们,http://img.58921.com/sites/all/movie/files/protec/e83ef5e2c6175c8b0afb205e0e62b5b0.png,58.2万,2025.61万,34.6
37,飞驰人生,http://img.58921.com/sites/all/movie/files/protec/8c575a61b383afc0ee47b28210b240bd.png,47.95万,1571.72万,43.9
38,中国机长,http://img.58921.com/sites/all/movie/files/protec/4a2b38781965ab4cf40a5bdb34e115fb.png,60.89万,1676.46万,40.2
39,大黄蜂英文版,http://img.58921.com/sites/all/movie/files/protec/649ac06883f53316e2ce66c12a59b359.png,76.79万,1758.4万,37.5
40,碟中谍6：全面瓦解,http://img.58921.com/sites/all/movie/files/protec/c468106c60838940f923c21344c9c053.png,60.44万,1698.43万,38.7
41,西游伏妖篇,http://img.58921.com/sites/all/movie/files/protec/a6017a4b2089e755fce3d6aeb57bf75d.png,33万,1569.17万,41.3
42,银河护卫队2,http://img.58921.com/sites/all/movie/files/protec/d112ed5334e1126ff53487694d52b393.png,50.55万,1672.32万,38.3
43,星球大战：原力觉醒,http://img.58921.com/sites/all/movie/files/protec/99cfb1d452914bb005c50608a971a32d.png,36.07万,1318.87万,48.3
44,老炮儿,http://img.58921.com/sites/all/movie/files/protec/08cb54b6014d8b06b7be70e0a588cc11.png,31.03万,1577.88万,39.9
45,头号玩家,http://img.58921.com/sites/all/movie/files/protec/c3205f85d12acc4ebb8e5aed4f775397.png,54.54万,1688.45万,36.7
46,狂暴巨兽,http://img.58921.com/sites/all/movie/files/protec/7a66239e02691126501d7a4d122495b3.png,57.54万,1727.4万,35.7
47,芳华,http://img.58921.com/sites/all/movie/files/protec/79483c734bc62b0385efa63ed583cf7a.png,47.47万,1661.72万,35.3
48,建军大业,http://img.58921.com/sites/all/movie/files/protec/79483c734bc62b0385efa63ed583cf7a.png,39.41万,1758.06万,33.3
49,绣春刀：修罗战场,http://img.58921.com/sites/all/movie/files/protec/636687ce92e0306f94a8c02cb7f3441f.png,41.17万,1834.48万,31.3
50,奇幻森林,http://img.58921.com/sites/all/movie/files/protec/3831fe4bd44e9793280ff34201c5cac2.png,42.19万,1261.79万,45.2
51,惊奇队长,http://img.58921.com/sites/all/movie/files/protec/50119308ebc826887bede376262f73cf.png,64.56万,1405.86万,39.9
52,蚁人,http://img.58921.com/sites/all/movie/files/protec/dc008ab60246dce973efaba878c01200.png,33.34万,1164.01万,47.6
53,湄公河行动,http://img.58921.com/sites/all/movie/files/protec/c905d543323fed646397930e02919bb1.png,51.85万,1503.88万,36.8
54,三生三世十里桃花,http://img.58921.com/sites/all/movie/files/protec/c905d543323fed646397930e02919bb1.png,30.09万,1529.15万,36.1
55,无双,http://img.58921.com/sites/all/movie/files/protec/713378d7df618ed0116b1a6bca1f3992.png,57.85万,1517.46万,36.4
56,寻梦环游记,http://img.58921.com/sites/all/movie/files/protec/713378d7df618ed0116b1a6bca1f3992.png,49.94万,1557.44万,35.4
57,碟中谍5：神秘国度,http://img.58921.com/sites/all/movie/files/protec/c40db267ff508a38472c5477ca74200d.png,38.55万,1265.4万,42.3
58,功夫熊猫3,http://img.58921.com/sites/all/movie/files/protec/e61dc4f77a177dd8c85b4849e839e3fa.png,44.94万,1170.99万,45.6
59,煎饼侠,http://img.58921.com/sites/all/movie/files/protec/899e59418144b024937d10db48899bde.png,28.17万,1348.46万,39.5
60,西游记之大圣归来,http://img.58921.com/sites/all/movie/files/protec/899e59418144b024937d10db48899bde.png,28.98万,1196.66万,44.4
61,唐人街探案,http://img.58921.com/sites/all/movie/files/protec/abff6ae5b8fee4eb11559d1555e90b58.png,30.18万,1343.77万,38.7
62,变形金刚4：绝迹重生,http://img.58921.com/sites/all/movie/files/protec/f7c3250212f246ad006e21389615dd58.png,13.69万,893.29万,56.9
63,盗墓笔记,http://img.58921.com/sites/all/movie/files/protec/6a36649ba38b0a857b12c2b8a747d8ae.png,34.15万,1135.76万,44.5
64,叶问.,http://img.58921.com/sites/all/movie/files/protec/aa9c71de95381e066f22dc337cdb2b9a.png,31.09万,1098.66万,45.8
65,功夫瑜伽,http://img.58921.com/sites/all/movie/files/protec/aa9c71de95381e066f22dc337cdb2b9a.png,36.37万,1274.08万,39.5
66,猩球崛起：终极之战,http://img.58921.com/sites/all/movie/files/protec/adf69f210416d71209b18189fca3f575.png,42.43万,1380.45万,35.9
67,烈火英雄,http://img.58921.com/sites/all/movie/files/protec/b52bd723ba297ab0c89bfb4a910a0ca0.png,61.64万,1315.69万,37.6
68,阿丽塔：战斗天使,http://img.58921.com/sites/all/movie/files/protec/48ce6c1ffa179964a70b00f95f835622.png,51.32万,1230.39万,39.8
69,异形：契约,http://img.58921.com/sites/all/movie/files/protec/284255166eef30ac9b8bbc0e0118d403.png,39.61万,1534.75万,31.8
70,火星救援,http://img.58921.com/sites/all/movie/files/protec/cdaa13d86cd5679e7a697c3fc0ba7aaf.png,29.27万,976.31万,49
71,绝地逃亡,http://img.58921.com/sites/all/movie/files/protec/cdaa13d86cd5679e7a697c3fc0ba7aaf.png,34.9万,1090.05万,43.8
72,速度与激情：特别行动,http://img.58921.com/sites/all/movie/files/protec/122672c355897c1cf11385f6c462a9eb.png,60.85万,1183.32万,40.1
73,超时空同居,http://img.58921.com/sites/all/movie/files/protec/8e874607a54bd2bf72a29a94690e1e33.png,57.41万,1411.65万,33.5
74,蜘蛛侠：英雄远征,http://img.58921.com/sites/all/movie/files/protec/bea907f6d588e8e4a6dbd799c89cf397.png,65.33万,1237.02万,38.1
75,少年的你,http://img.58921.com/sites/all/movie/files/protec/3f1343428ba0c68c9126d2e40d90fb45.png,55.75万,1205.16万,38.9
76,蜘蛛侠：英雄归来,http://img.58921.com/sites/all/movie/files/protec/2b715d74dbf984725c56013e48f17aff.png,41.37万,1300.67万,35.7
77,京城81号2,http://img.58921.com/sites/all/movie/files/protec/bec97439f2a0a3638afaa5f453f51881.png,30.93万,1285.37万,35.8
78,比悲伤更悲伤的故事,http://img.58921.com/sites/all/movie/files/protec/605f0da84bc3272162293d51e7d96745.png,58.33万,1418.47万,32.3
79,反贪风暴4,http://img.58921.com/sites/all/movie/files/protec/3f6fc78637d2fc187be4398f74d25a89.png,55.82万,1257.29万,36.2
80,一出好戏,http://img.58921.com/sites/all/movie/files/protec/1af82c35ec700d674b3babc3121a9352.png,36.91万,1232.08万,36
81,鬼吹灯之九层妖塔,http://img.58921.com/sites/all/movie/files/protec/4b44d1fafcb5daad61701029233bc45a.png,22.51万,974.04万,45.1
82,终结者：创世纪,http://img.58921.com/sites/all/movie/files/protec/c02d3ff4e18524456b02d190080c49c2.png,28.32万,923.67万,47.5
83,X战警：天启,http://img.58921.com/sites/all/movie/files/protec/752350edccdf9cc8f3414d17beeb62d0.png,35.31万,967.06万,45
84,蝙蝠侠大战超人：正义黎明,http://img.58921.com/sites/all/movie/files/protec/2bcc9cac0b62589952a9b8c61e5398df.png,27.51万,913.19万,46.7
85,蚁人2：黄蜂女现身,http://img.58921.com/sites/all/movie/files/protec/ef66de007274371bcc8ee599c36e6e57.png,40.36万,1096.15万,37.9
86,恶棍天使,http://img.58921.com/sites/all/movie/files/protec/d6213f0302a29d73ea6c8e53e9984182.png,19万,1077.1万,38.4
87,扫毒2天地对决,http://img.58921.com/sites/all/movie/files/protec/b933048036114a434e4c460207786edd.png,59.54万,1078.29万,37.7
88,007：幽灵党,http://img.58921.com/sites/all/movie/files/protec/986a37e910c2b40834114b2c0851eefd.png,25.51万,988.84万,40.9
89,神秘巨星,http://img.58921.com/sites/all/movie/files/protec/22bbc0217ef12cdf62ef4bf9c7791b8e.png,40.12万,1280.81万,31.4
90,寒战2,http://img.58921.com/sites/all/movie/files/protec/a222d7a6b21cc53c6800abb41d517df9.png,25.38万,870.13万,46
91,霍比特人3：去而复归,http://img.58921.com/sites/all/movie/files/protec/41076e2f1d58edb4475c730fa7b7aa31.png,17.73万,775.78万,51.4
92,智取威虎山3D,http://img.58921.com/sites/all/movie/files/protec/41076e2f1d58edb4475c730fa7b7aa31.png,17.4万,775.79万,51.4
93,金刚：骷髅岛,http://img.58921.com/sites/all/movie/files/protec/41076e2f1d58edb4475c730fa7b7aa31.png,48.37万,1049.5万,38
94,澳门风云2,http://img.58921.com/sites/all/movie/files/protec/b0355191249834ad1d27a475359092db.png,16.2万,828.29万,47.5
95,正义联盟,http://img.58921.com/sites/all/movie/files/protec/b78ab90bb3a1dc1bcd376955ca00f136.png,41.52万,1096.44万,35.8
96,雷神3：诸神黄昏,http://img.58921.com/sites/all/movie/files/protec/f24ff2c8a2592c6481fe39ab6d9f6ef8.png,34.87万,1095.97万,35.7
97,北京遇上西雅图之不二情书,http://img.58921.com/sites/all/movie/files/protec/841f9cd2d7a2db38fb418685577a6ae2.png,34.99万,969.87万,40.3
98,巨齿鲨,http://img.58921.com/sites/all/movie/files/protec/4602f54d442e13155827571e15ebea41.png,30.52万,945.13万,40.3
99,从你的全世界路过,http://img.58921.com/sites/all/movie/files/protec/bb6eb2a5c1830872f21b40fe8754ad9d.png,36.56万,1013.97万,37.2
100,无问西东,http://img.58921.com/sites/all/movie/files/protec/a05a81f1c158cdad42955cfc032e6b9c.png,37.01万,1097.59万,32.3
101,黑豹,http://img.58921.com/sites/all/movie/files/protec/47cc453e3cee1139a13c63ff89e10d0b.png,29.07万,963.76万,36.7
102,长城,http://img.58921.com/sites/all/movie/files/protec/6e4af009ca9feecaab3b7ac42831d6f4.png,46.77万,874.23万,39.5
103,生化危机6：终章,http://img.58921.com/sites/all/movie/files/protec/c8f930ae268978abcbd0d7cf00a657b5.png,40.16万,918.16万,37.3
104,狼图腾,http://img.58921.com/sites/all/movie/files/protec/c8f930ae268978abcbd0d7cf00a657b5.png,14.14万,685.84万,49.9
105,愤怒的小鸟,http://img.58921.com/sites/all/movie/files/protec/11b7ad1bb9010b850cd4443127b5dd48.png,32.04万,789.58万,42.8
106,大闹天竺,http://img.58921.com/sites/all/movie/files/protec/03e694e5677a44e4c671db8db0f6c770.png,19.28万,890.2万,37.1
107,逆时营救,http://img.58921.com/sites/all/movie/files/protec/1a1c635704f3993fbb2c95d1a9a07cba.png,26.25万,941.66万,35
108,使徒行者,http://img.58921.com/sites/all/movie/files/protec/c06f04e7e5ac5c7e37af6f773fa035b4.png,27.77万,878.83万,37.1
109,星际穿越,http://img.58921.com/sites/all/movie/files/protec/c06f04e7e5ac5c7e37af6f773fa035b4.png,13.56万,726.84万,44.8
110,心花路放,http://img.58921.com/sites/all/movie/files/protec/687c992b0495653d9b29ae8b8d662d37.png,15.17万,766.89万,42.3
111,奇异博士,http://img.58921.com/sites/all/movie/files/protec/c0c56ee5f6185b62f55e25101666d89e.png,36.26万,792.48万,40.5
112,小黄人大眼萌,http://img.58921.com/sites/all/movie/files/protec/ffa209927b84e35488f13775e6c9624e.png,24.15万,698.38万,45.6
113,熊出没·原始时代,http://img.58921.com/sites/all/movie/files/protec/5e983094f158fcb1fad997d10ce79f52.png,24.48万,761.57万,41.7
114,摩天营救,http://img.58921.com/sites/all/movie/files/protec/eeae47b1fa52ca74f61672ed3d7f0afb.png,29.57万,865.9万,36.5
115,极限特工：终极回归,http://img.58921.com/sites/all/movie/files/protec/6f5ed1151d4d15b9d467e6096e74e847.png,34.05万,802.51万,38.9
116,大鱼海棠,http://img.58921.com/sites/all/movie/files/protec/fcae8a0d82503a777af863aa9fb8aba8.png,23.65万,712.95万,43.3
117,乘风破浪,http://img.58921.com/sites/all/movie/files/protec/afd01a857f4653516b8a56ee247eae17.png,29.05万,824.81万,37.4
118,古墓丽影：源起之战,http://img.58921.com/sites/all/movie/files/protec/afd01a857f4653516b8a56ee247eae17.png,27.44万,860.39万,35.8
119,惊天魔盗团2,http://img.58921.com/sites/all/movie/files/protec/3f9dbbc3ca64395020d86a61fc88c4e7.png,25.02万,696.68万,43.9
120,哥斯拉2：怪兽之王,http://img.58921.com/sites/all/movie/files/protec/4c9f56b380f33c30cfccacf2a3430121.png,50.31万,801.55万,38
121,无名之辈,http://img.58921.com/sites/all/movie/files/protec/fcdba4080c0211e000e17d7f8c122755.png,42.58万,856.28万,35.5
122,超能陆战队,http://img.58921.com/sites/all/movie/files/protec/bc42276f9f52ff978f208f0f1a730f98.png,16.5万,633.59万,47.7
123,父子雄兵,http://img.58921.com/sites/all/movie/files/protec/5d2aecda6a84cc79c946a94575c7ebba.png,21.1万,864.29万,34.8
124,末日崩塌,http://img.58921.com/sites/all/movie/files/protec/897f53f6f635e73ee580ab2be8605051.png,21.34万,652.03万,46
125,银河补习班,http://img.58921.com/sites/all/movie/files/protec/e74c37916fccf98e24cb3f72ad871e5e.png,43.42万,810.71万,36.1
126,天将雄师,http://img.58921.com/sites/all/movie/files/protec/e74c37916fccf98e24cb3f72ad871e5e.png,11.82万,589.26万,49.7
127,邪不压正,http://img.58921.com/sites/all/movie/files/protec/dce0522c241be23d479d7c0b1326b040.png,28.64万,795.23万,36.7
128,我的少女时代,http://img.58921.com/sites/all/movie/files/protec/b262975bdcef8bb678961f5bbed953f6.png,23.72万,768.66万,37.6
129,影,http://img.58921.com/sites/all/movie/files/protec/216d2bddb50c0a4a405f4e9ad160b6e0.png,31.31万,776.5万,37
130,狮子王,http://img.58921.com/sites/all/movie/files/protec/075c61d505f850ed0fd394b48b15c7cb.png,40.1万,731.45万,38.8
131,攀登者,http://img.58921.com/sites/all/movie/files/protec/6be0a7303154cf0768fdd7f987f98e69.png,28.17万,705.06万,40
132,杀破狼2,http://img.58921.com/sites/all/movie/files/protec/6be0a7303154cf0768fdd7f987f98e69.png,19.45万,634.97万,44.4
133,西游记之孙悟空三打白骨精,http://img.58921.com/sites/all/movie/files/protec/8220622959ebf2b83fdadb8b19f9ce6d.png,33.35万,624.61万,44.9
134,战狼,http://img.58921.com/sites/all/movie/files/protec/8220622959ebf2b83fdadb8b19f9ce6d.png,17.97万,643.47万,43.6
135,李茶的姑妈,http://img.58921.com/sites/all/movie/files/protec/29c75cdbaf1babe90e811936c616d680.png,28.36万,781.69万,35.8
136,追龙,http://img.58921.com/sites/all/movie/files/protec/29c75cdbaf1babe90e811936c616d680.png,28.32万,847.12万,32.9
137,西游记女儿国,http://img.58921.com/sites/all/movie/files/protec/7afbb2f64404f7ac1eb3e2c3b8d3270c.png,15.39万,679.46万,41
138,荒野猎人,http://img.58921.com/sites/all/movie/files/protec/7afbb2f64404f7ac1eb3e2c3b8d3270c.png,21.7万,704.17万,39.5
139,滚蛋吧！肿瘤君,http://img.58921.com/sites/all/movie/files/protec/7afbb2f64404f7ac1eb3e2c3b8d3270c.png,20.55万,684.57万,40.6
140,你的名字。,http://img.58921.com/sites/all/movie/files/protec/7afbb2f64404f7ac1eb3e2c3b8d3270c.png,34.69万,847.49万,32.7
141,反贪风暴3,http://img.58921.com/sites/all/movie/files/protec/1c95fad68434bf50fc756f2c31920630.png,29.55万,739.08万,37.2
142,英伦对决,http://img.58921.com/sites/all/movie/files/protec/1c95fad68434bf50fc756f2c31920630.png,21.71万,721.62万,38.1
143,王牌特工：特工学院,http://img.58921.com/sites/all/movie/files/protec/e2532def6a7d040ea0c67a52edaf24c1.png,15.65万,664.04万,41.3
144,动物世界,http://img.58921.com/sites/all/movie/files/protec/d058195b9267678e15f661e5a9536f33.png,27.49万,714.83万,38.1
145,新喜剧之王,http://img.58921.com/sites/all/movie/files/protec/67ba2cd974c04a52896ade8958a37e30.png,17.34万,597.31万,45.2
146,谍影重重5,http://img.58921.com/sites/all/movie/files/protec/6ee3196f925e0fb0b5dbe331c33eb94f.png,25.06万,613.48万,42.9
147,神奇动物在哪里,http://img.58921.com/sites/all/movie/files/protec/bbb555bb79a8e2b7bfce5fc539af75ba.png,27.18万,633.27万,40.9
148,独立日：卷土重来,http://img.58921.com/sites/all/movie/files/protec/bbb555bb79a8e2b7bfce5fc539af75ba.png,20.14万,555.25万,46.6
149,星际特工：千星之城,http://img.58921.com/sites/all/movie/files/protec/e5ce23279ed6b5c60d77df8b9c2decec.png,22.64万,711.18万,36
150,大侦探皮卡丘,http://img.58921.com/sites/all/movie/files/protec/e5ce23279ed6b5c60d77df8b9c2decec.png,47.04万,686.6万,37.2
151,哆啦A梦：伴我同行,http://img.58921.com/sites/all/movie/files/protec/7bb38a730e4b4d1dcfdd5836d847755d.png,20.95万,587.01万,43.5
152,美女与野兽,http://img.58921.com/sites/all/movie/files/protec/7bb38a730e4b4d1dcfdd5836d847755d.png,33.44万,670.44万,38
153,金刚狼3：殊死一战,http://img.58921.com/sites/all/movie/files/protec/fca3c6bd14fa7477b1d99f34c21e16ca.png,36.86万,727.85万,34.9
154,全球风暴,http://img.58921.com/sites/all/movie/files/protec/fca3c6bd14fa7477b1d99f34c21e16ca.png,23.98万,724.22万,35
155,勇敢者游戏：决战丛林,http://img.58921.com/sites/all/movie/files/protec/5c35bba272259426944be6d805f897ce.png,21.2万,702.89万,35.9
156,冰川时代：星际碰撞,http://img.58921.com/sites/all/movie/files/protec/6e53313a73bb9a6b817dd1bc9d0ebc43.png,26.61万,598.93万,41.8
157,星际迷航3：超越星辰,http://img.58921.com/sites/all/movie/files/protec/ca764a6357a8779f8022bd1f97e6d151.png,22.57万,544.3万,45.7
158,来电狂响,http://img.58921.com/sites/all/movie/files/protec/ca764a6357a8779f8022bd1f97e6d151.png,32.08万,696.12万,35.7
159,王牌特工2：黄金圈,http://img.58921.com/sites/all/movie/files/protec/2836a82ecd5761803de641fd11f23ea2.png,24.03万,686.84万,36.1
160,杀破狼·贪狼,http://img.58921.com/sites/all/movie/files/protec/ab917da5904b603f681e0efd3a83d90e.png,25.02万,754.79万,32.8
161,捉妖记2,http://img.58921.com/sites/all/movie/files/protec/ab917da5904b603f681e0efd3a83d90e.png,19.36万,647.87万,38.1
162,铁道飞虎,http://img.58921.com/sites/all/movie/files/protec/c16a19ba515076b85e59c1a1936f6560.png,29.69万,635.71万,38.8
163,熊出没之变形记,http://img.58921.com/sites/all/movie/files/protec/39bb2a67b42060c6f92871a9bd520cbd.png,15.97万,653.53万,37.6
164,猩球崛起2：黎明之战,http://img.58921.com/sites/all/movie/files/protec/39bb2a67b42060c6f92871a9bd520cbd.png,10.21万,488.62万,50.1
165,狄仁杰之四大天王,http://img.58921.com/sites/all/movie/files/protec/39bb2a67b42060c6f92871a9bd520cbd.png,21.52万,607.61万,40.3
166,死侍2：我爱我家,http://img.58921.com/sites/all/movie/files/protec/2dab20e4c7893e2c5bff3ce353419e06.png,32.24万,713.3万,34.1
167,爱丽丝梦游仙境2：镜中奇遇记,http://img.58921.com/sites/all/movie/files/protec/fd538ceaa9cd54f437027798bad16432.png,25.29万,552万,43.8
168,白蛇：缘起,http://img.58921.com/sites/all/movie/files/protec/0e3066e1348939152440cdc00b559a0e.png,38.09万,688.16万,35
169,小时代4：灵魂尽头,http://img.58921.com/sites/all/movie/files/protec/8c640779a1044b28d2aee38a9e63a2f8.png,14.65万,617.9万,38.7
170,银河护卫队,http://img.58921.com/sites/all/movie/files/protec/22b60635cb1a8bcecdd8120c176760eb.png,12.31万,472.18万,50.3
171,左耳,http://img.58921.com/sites/all/movie/files/protec/ae1db83a59f65e8dd0df9513eaf57bbd.png,17.03万,608.99万,38.6
172,缝纫机乐队,http://img.58921.com/sites/all/movie/files/protec/ae1db83a59f65e8dd0df9513eaf57bbd.png,25.76万,698.46万,33.6
173,绝世高手,http://img.58921.com/sites/all/movie/files/protec/ae1db83a59f65e8dd0df9513eaf57bbd.png,17.88万,734.12万,31.9
174,爱宠大机密,http://img.58921.com/sites/all/movie/files/protec/c6ca078458457a9ccb0af54af9422235.png,20.38万,547.44万,42.8
175,敦刻尔克大撤退,http://img.58921.com/sites/all/movie/files/protec/67d31d295c4575686edf86343bb232e6.png,23.69万,702.46万,33.2
176,灰姑娘,http://img.58921.com/sites/all/movie/files/protec/67d31d295c4575686edf86343bb232e6.png,16.64万,588.37万,39.6
177,妖猫传,http://img.58921.com/sites/all/movie/files/protec/7381aa01ba68b5eb6f87f07991fc91be.png,17.97万,634.68万,36.4
178,绿皮书,http://img.58921.com/sites/all/movie/files/protec/a107ccf0800399ef3867b879b2a562ad.png,35.46万,666.24万,34.5
179,幕后玩家,http://img.58921.com/sites/all/movie/files/protec/16547dde8e1bf5baf55f07a8d843d36c.png,22.12万,621万,35.8
180,大人物,http://img.58921.com/sites/all/movie/files/protec/54cb2dc4f82f3174d5e58ddfd2f44746.png,30.2万,595.8万,37.2
181,拆弹专家,http://img.58921.com/sites/all/movie/files/protec/fef3af81ce446c94156956952ea0b71a.png,24.65万,654.53万,33.5
182,伦敦陷落,http://img.58921.com/sites/all/movie/files/protec/ab742452dbbb80c93f805dd8c156e912.png,23.33万,498.58万,43.5
183,哆啦A梦：大雄的南极冰寒大冒险,http://img.58921.com/sites/all/movie/files/protec/4aedf920e593a5f055ea20f0494d04bf.png,20.39万,722.16万,30
184,万万没想到：西游篇,http://img.58921.com/sites/all/movie/files/protec/878379cc7100f5ef1c65017d5fae8e6b.png,17.68万,572.57万,37.6
185,一条狗的使命,http://img.58921.com/sites/all/movie/files/protec/143f3657295087b63feab7758dbad2a9.png,37.72万,664.05万,32.1
186,一步之遥,http://img.58921.com/sites/all/movie/files/protec/8063b1f287243d03b43a0318e1eb093d.png,9.82万,411.78万,51.6
187,驯龙高手3,http://img.58921.com/sites/all/movie/files/protec/8063b1f287243d03b43a0318e1eb093d.png,27.07万,562.72万,37.6
188,异星觉醒,http://img.58921.com/sites/all/movie/files/protec/e7eea6006ad87ab0936b540971078f48.png,17.46万,673.52万,31.1
189,爱情公寓,http://img.58921.com/sites/all/movie/files/protec/5e5265daf03281ce84b3cdb4b68ea71f.png,13.09万,565.16万,36.8
190,雷霆沙赞！,http://img.58921.com/sites/all/movie/files/protec/5e5265daf03281ce84b3cdb4b68ea71f.png,23.27万,534.94万,38.9
191,使徒行者2：谍影行动,http://img.58921.com/sites/all/movie/files/protec/5e5265daf03281ce84b3cdb4b68ea71f.png,27.85万,542.31万,38.3
192,美国队长2,http://img.58921.com/sites/all/movie/files/protec/748346ada01d4ee186b71bee30bf2f4e.png,8.29万,378.96万,54.6
193,大护法,http://img.58921.com/sites/all/movie/files/protec/705510256a99af7542d903d36ee631b5.png,15.72万,578.73万,35.6
194,泰山归来：险战丛林,http://img.58921.com/sites/all/movie/files/protec/705510256a99af7542d903d36ee631b5.png,17.02万,470.38万,43.7
195,爵迹,http://img.58921.com/sites/all/movie/files/protec/f4f6c54a45da0a7f268efaa9cdb2c884.png,16.96万,483.41万,42.4
196,老师·好,http://img.58921.com/sites/all/movie/files/protec/b9e838e7c7c6592c3f9d6b5c2a406882.png,29.44万,571.62万,35.6
197,X战警：逆转未来,http://img.58921.com/sites/all/movie/files/protec/9f51f791824afcee27ad8816c2a9f22b.png,9.31万,382.1万,53.2
198,情圣,http://img.58921.com/sites/all/movie/files/protec/3ff98ecdb2f6e250b9a4da6a7e22492a.png,31.36万,584.18万,33.7
199,极盗者,http://img.58921.com/sites/all/movie/files/protec/3ff98ecdb2f6e250b9a4da6a7e22492a.png,17.17万,440.34万,44.7
200,奇门遁甲,http://img.58921.com/sites/all/movie/files/protec/161bb2a2d83a5cb7eb74e044de6f4047.png,16.77万,550.92万,35.5
201,忍者神龟2,http://img.58921.com/sites/all/movie/files/protec/6aa64f2ec0cdc0f5812b8d4ac6116451.png,16.4万,431.97万,45
202,天才枪手,http://img.58921.com/sites/all/movie/files/protec/6aa64f2ec0cdc0f5812b8d4ac6116451.png,20.64万,611.14万,31.8
203,大话西游3,http://img.58921.com/sites/all/movie/files/protec/6aa64f2ec0cdc0f5812b8d4ac6116451.png,18.87万,462.98万,41.8
204,匆匆那年,http://img.58921.com/sites/all/movie/files/protec/88ae433a1fdd970222cb47a2139d052a.png,11.86万,474.21万,40.8
205,熊出没之熊心归来,http://img.58921.com/sites/all/movie/files/protec/88ae433a1fdd970222cb47a2139d052a.png,17.05万,471.84万,41
206,后会无期,http://img.58921.com/sites/all/movie/files/protec/88ae433a1fdd970222cb47a2139d052a.png,9.24万,469.15万,41.1
207,人再囧途之泰囧,http://img.58921.com/sites/all/movie/files/protec/28528b6f1dfbb0f0530030455d84773d.png,8.14万,479.67万,40
208,酒国英雄之摆渡人,http://img.58921.com/sites/all/movie/files/protec/36db3c65f2f3da87cd2e5412be21fca5.png,22.78万,514.17万,37.1
209,奔跑吧，兄弟,http://img.58921.com/sites/all/movie/files/protec/8e93ef84de74873f8cb4a05f53f9f1e1.png,13.43万,497.68万,38.2
210,何以笙箫默,http://img.58921.com/sites/all/movie/files/protec/8e93ef84de74873f8cb4a05f53f9f1e1.png,15.91万,495.52万,38.3
211,道士下山,http://img.58921.com/sites/all/movie/files/protec/e9ea1465a0d61aaa8bccfbdfedf5b4c1.png,12.46万,385.1万,49
212,血战钢锯岭,http://img.58921.com/sites/all/movie/files/protec/c32d2d72b6c082fc9dbbc61f0a9b8eb9.png,26.98万,539.34万,34.7
213,厉害了，我的国,http://img.58921.com/sites/all/movie/files/protec/eb56a2cddab74b9576c805dc3b5877ec.png,10.21万,506.45万,36.6
214,黄金兄弟,http://img.58921.com/sites/all/movie/files/protec/eb56a2cddab74b9576c805dc3b5877ec.png,20.3万,516.64万,35.8
215,致青春：原来你还在这里,http://img.58921.com/sites/all/movie/files/protec/be57869600b70d125d8c19eb412daf56.png,15.46万,501.39万,36.8
216,神奇动物：格林德沃之罪,http://img.58921.com/sites/all/movie/files/protec/5d931109bfd2d246112c7bc0c822da52.png,20.53万,467.14万,38.8
217,超人总动员2,http://img.58921.com/sites/all/movie/files/protec/c8048a6fcf749f9d94620c4c9a739564.png,21.92万,497.38万,35.6
218,澳门风云3,http://img.58921.com/sites/all/movie/files/protec/c8048a6fcf749f9d94620c4c9a739564.png,31.01万,418.91万,42.2
219,快把我哥带走,http://img.58921.com/sites/all/movie/files/protec/c128b803b4ec5e16fe41276e20e19ea4.png,22.02万,521.47万,33.8
220,博物馆奇妙夜3,http://img.58921.com/sites/all/movie/files/protec/6b7c58f889cb543a314a772c36add629.png,13.07万,418.82万,41.8
221,我不是潘金莲,http://img.58921.com/sites/all/movie/files/protec/6b7c58f889cb543a314a772c36add629.png,23.94万,486.8万,36
222,悲伤逆流成河,http://img.58921.com/sites/all/movie/files/protec/40e62dac0317830d9eeed6e53fc868c1.png,23万,505.88万,34.3
223,火锅英雄,http://img.58921.com/sites/all/movie/files/protec/e25c5d20d4ff31cc5394ec79ab927b23.png,21.91万,442.79万,38.8
224,烈日灼心,http://img.58921.com/sites/all/movie/files/protec/e25c5d20d4ff31cc5394ec79ab927b23.png,16.36万,440.91万,38.9
225,千与千寻,http://img.58921.com/sites/all/movie/files/protec/2cd0c6f17ea1a19f2e946f384ddb2391.png,35.43万,493.22万,34.5
226,超凡蜘蛛侠2,http://img.58921.com/sites/all/movie/files/protec/e0d07633d82c70e8c0f07860290f3a35.png,9.02万,313.32万,54.1
227,神战：权力之眼,http://img.58921.com/sites/all/movie/files/protec/e0d07633d82c70e8c0f07860290f3a35.png,15.09万,381.73万,44.2
228,星球大战：侠盗一号,http://img.58921.com/sites/all/movie/files/protec/e691b1eda91b29a13605286201504817.png,23.31万,412.19万,40.6
229,机器之血,http://img.58921.com/sites/all/movie/files/protec/e691b1eda91b29a13605286201504817.png,13.42万,470.05万,35.5
230,移动迷宫：烧痕审判,http://img.58921.com/sites/all/movie/files/protec/3ff04535490144bf70ac6029f88e178c.png,14.37万,362.07万,45.9
231,忍者神龟：变种时代,http://img.58921.com/sites/all/movie/files/protec/3ff04535490144bf70ac6029f88e178c.png,10.19万,346.2万,47.9
232,前任攻略2：备胎反击战,http://img.58921.com/sites/all/movie/files/protec/3ff04535490144bf70ac6029f88e178c.png,16.44万,445.39万,37.2
233,封神传奇,http://img.58921.com/sites/all/movie/files/protec/a0e634f54d5c49032a2641b674ebcee7.png,15.16万,376.11万,43.7
234,熊出没之奇幻空间,http://img.58921.com/sites/all/movie/files/protec/e7337c01d057bb24dde4a6ae02fb7d5e.png,15.04万,452.16万,36.1
235,移动迷宫3：死亡解药,http://img.58921.com/sites/all/movie/files/protec/0c0a97d8aa958415cf9ab641f56d30d0.png,16.09万,451.51万,36
236,木星上行,http://img.58921.com/sites/all/movie/files/protec/0c0a97d8aa958415cf9ab641f56d30d0.png,9.87万,335万,48.4
237,妖铃铃,http://img.58921.com/sites/all/movie/files/protec/0c0a97d8aa958415cf9ab641f56d30d0.png,12.9万,452.61万,35.7
238,重返20岁,http://img.58921.com/sites/all/movie/files/protec/b55b74a4be354351322ac4bf1affaa7b.png,13.18万,405.56万,39.7
239,星球大战8：最后的绝地武士,http://img.58921.com/sites/all/movie/files/protec/b55b74a4be354351322ac4bf1affaa7b.png,12.72万,416.1万,38.7
240,横冲直撞好莱坞,http://img.58921.com/sites/all/movie/files/protec/91ec5644ed9593b086c2fd957f0a729c.png,14.05万,380.93万,41.9
241,我的特工爷爷,http://img.58921.com/sites/all/movie/files/protec/5c70b11b9661b9a2d86846f170b27351.png,18.95万,415.43万,38.3
242,西游降魔篇,http://img.58921.com/sites/all/movie/files/protec/8a711ff436590cad79e572461d04a46a.png,6.66万,309.75万,50.6
243,铁血战士,http://img.58921.com/sites/all/movie/files/protec/c7057362d3a625c4e7d1c0ce3c2a37bc.png,18.36万,422.45万,36.8
244,南极之恋,http://img.58921.com/sites/all/movie/files/protec/cff4ca4f5ca0b1f4b2923c406aa58574.png,17.33万,463.13万,33.3
245,哥斯拉,http://img.58921.com/sites/all/movie/files/protec/cff4ca4f5ca0b1f4b2923c406aa58574.png,7.72万,290.84万,52.9
246,调音师,http://img.58921.com/sites/all/movie/files/protec/cff4ca4f5ca0b1f4b2923c406aa58574.png,26.26万,459.75万,33.5
247,终结者：黑暗命运,http://img.58921.com/sites/all/movie/files/protec/d80dce8eb222aa0c0574741dc3f77873.png,20.52万,395.95万,38.7
248,嫌疑人X的献身,http://img.58921.com/sites/all/movie/files/protec/d80dce8eb222aa0c0574741dc3f77873.png,23.18万,431.64万,35.4
249,驯龙高手2,http://img.58921.com/sites/all/movie/files/protec/d80dce8eb222aa0c0574741dc3f77873.png,7.75万,300.57万,50.8
250,最好的我们,http://img.58921.com/sites/all/movie/files/protec/8bf7be7f2bda2edf83481e0b89868e11.png,38.02万,440.09万,34.4
251,神探夏洛克,http://img.58921.com/sites/all/movie/files/protec/8bf7be7f2bda2edf83481e0b89868e11.png,12.65万,393.81万,38.5
252,寂静之地,http://img.58921.com/sites/all/movie/files/protec/ed984712b5d30768a0cfb9f91019379e.png,27.07万,480.34万,31.4
253,海底总动员2：多莉去哪儿,http://img.58921.com/sites/all/movie/files/protec/9d5bc51b5e93369798e6a4b4dddf9ba7.png,18.1万,353.04万,42.6
254,空天猎,http://img.58921.com/sites/all/movie/files/protec/9d5bc51b5e93369798e6a4b4dddf9ba7.png,13.86万,456.67万,32.9
255,蜘蛛侠：平行宇宙,http://img.58921.com/sites/all/movie/files/protec/58b835d9d3ecaf0539883e5e6f54ead4.png,19.33万,394.63万,37.8
256,X战警：黑凤凰,http://img.58921.com/sites/all/movie/files/protec/2a963026bda119afe427a269568ea5d1.png,29.49万,376.75万,39.2
257,私人订制,http://img.58921.com/sites/all/movie/files/protec/2a963026bda119afe427a269568ea5d1.png,6.35万,328.89万,44.9
258,找到你,http://img.58921.com/sites/all/movie/files/protec/c8a8168059362ec07dc523988a1b6b72.png,23.5万,450.86万,32.7
259,帕丁顿熊2,http://img.58921.com/sites/all/movie/files/protec/98080c5616cefd457d79be71d630d7f2.png,14.92万,475.3万,30.8
260,记忆大师,http://img.58921.com/sites/all/movie/files/protec/c7284c625419782175b44387ad9c68df.png,17.87万,392.72万,36.8
261,饥饿游戏3：嘲笑鸟（上）,http://img.58921.com/sites/all/movie/files/protec/57490c7804b90246497bee53178eb3b9.png,9.33万,288.82万,49.8
262,心理罪,http://img.58921.com/sites/all/movie/files/protec/8286f34d77ad2cc31b49d5154c78238c.png,13.5万,426.19万,33.7
263,敢死队3,http://img.58921.com/sites/all/movie/files/protec/8286f34d77ad2cc31b49d5154c78238c.png,9.01万,348.8万,41.1
264,西游记之大闹天宫,http://img.58921.com/sites/all/movie/files/protec/8286f34d77ad2cc31b49d5154c78238c.png,6.32万,263.7万,54.4
265,二代妖精之今生有幸,http://img.58921.com/sites/all/movie/files/protec/8286f34d77ad2cc31b49d5154c78238c.png,11.79万,393.71万,36.4
266,解救吾先生,http://img.58921.com/sites/all/movie/files/protec/8286f34d77ad2cc31b49d5154c78238c.png,11.47万,367.43万,39
267,分手大师,http://img.58921.com/sites/all/movie/files/protec/6ffb6697e0ceb605d54b46b3a72b1265.png,7.05万,335.02万,42.3
268,钟馗伏魔：雪妖魔灵,http://img.58921.com/sites/all/movie/files/protec/890acc0195615ff90939bd231214f557.png,6.62万,290.39万,48.6
269,闪光少女,http://img.58921.com/sites/all/movie/files/protec/890acc0195615ff90939bd231214f557.png,12.54万,434.8万,32.4
270,哆啦A梦：大雄的金银岛,http://img.58921.com/sites/all/movie/files/protec/890acc0195615ff90939bd231214f557.png,16.69万,455.31万,30.9
271,我是证人,http://img.58921.com/sites/all/movie/files/protec/a2670c2018a6991521ee639049df6d28.png,14.61万,366.43万,38.1
272,泰坦尼克号3D版,http://img.58921.com/sites/all/movie/files/protec/a2670c2018a6991521ee639049df6d28.png,3.7万,242.18万,57.6
273,起跑线,http://img.58921.com/sites/all/movie/files/protec/4eb056758a14fdf0843646be73a1a61d.png,17.44万,445.36万,31.3
274,咱们结婚吧,http://img.58921.com/sites/all/movie/files/protec/4eb056758a14fdf0843646be73a1a61d.png,11.42万,356.74万,38.8
275,钢铁侠3,http://img.58921.com/sites/all/movie/files/protec/506990926690161470aad431f3296113.png,5.53万,252.52万,54.7
276,亚瑟王：斗兽争霸,http://img.58921.com/sites/all/movie/files/protec/506990926690161470aad431f3296113.png,9.45万,393.12万,35.1
277,东方快车谋杀案,http://img.58921.com/sites/all/movie/files/protec/506990926690161470aad431f3296113.png,14.35万,435.19万,31.6
278,王牌逗王牌,http://img.58921.com/sites/all/movie/files/protec/90e92142b1746927ed32a86b8eb6b12a.png,14.76万,378.36万,36.1
279,有一个地方只有我们知道,http://img.58921.com/sites/all/movie/files/protec/7dd8ccee44c8318d0a82027a6a9d9b12.png,9.13万,339.21万,40.2
280,小萝莉的猴神大叔,http://img.58921.com/sites/all/movie/files/protec/f5a6e28a145929b8459641a90aed63e3.png,15.4万,426.02万,31.6
281,微微一笑很倾城,http://img.58921.com/sites/all/movie/files/protec/f5a6e28a145929b8459641a90aed63e3.png,14.76万,351.69万,38.3
282,黑衣人：全球追缉,http://img.58921.com/sites/all/movie/files/protec/5426b80960e5ca43dc8b821f0c4d9c52.png,25.36万,331.7万,40.5
283,环太平洋,http://img.58921.com/sites/all/movie/files/protec/5426b80960e5ca43dc8b821f0c4d9c52.png,4.78万,246.3万,54.5
284,最后的巫师猎人,http://img.58921.com/sites/all/movie/files/protec/5426b80960e5ca43dc8b821f0c4d9c52.png,14.12万,359.34万,37.2
285,明日边缘,http://img.58921.com/sites/all/movie/files/protec/29b1de88f794d313c4af57fd9421fcb4.png,6.9万,251.41万,53
286,胖子行动队,http://img.58921.com/sites/all/movie/files/protec/26eb272f384d53b5ab9f0d55e64dc9dd.png,16万,366.88万,35.6
287,小时代3：刺金时代,http://img.58921.com/sites/all/movie/files/protec/26eb272f384d53b5ab9f0d55e64dc9dd.png,6.6万,318.72万,41
288,原谅他77次,http://img.58921.com/sites/all/movie/files/protec/ce618f2630fcab402e4c67aefd95829e.png,9.9万,424.68万,30.6
289,卧虎藏龙2：青冥宝剑,http://img.58921.com/sites/all/movie/files/protec/ce618f2630fcab402e4c67aefd95829e.png,15.76万,290.82万,44.6
290,阿拉丁,http://img.58921.com/sites/all/movie/files/protec/c30497dc9c2ee1ec477cd1b84fc1a6c0.png,25.55万,335.77万,38.5
291,太空旅客,http://img.58921.com/sites/all/movie/files/protec/c30497dc9c2ee1ec477cd1b84fc1a6c0.png,18.82万,337.74万,38.3
292,饥饿游戏3：嘲笑鸟（下）,http://img.58921.com/sites/all/movie/files/protec/c30497dc9c2ee1ec477cd1b84fc1a6c0.png,10.02万,280.64万,45.9
293,超体,http://img.58921.com/sites/all/movie/files/protec/41eaac315eddfde6ebf522a446d671ed.png,7.76万,259.36万,49.5
294,密室逃生,http://img.58921.com/sites/all/movie/files/protec/41eaac315eddfde6ebf522a446d671ed.png,20.09万,383.15万,33.4
295,小王子,http://img.58921.com/sites/all/movie/files/protec/ac1f262a1d6a065eb0a53110133edfc1.png,9.86万,291万,43.8
296,机械师2：复活,http://img.58921.com/sites/all/movie/files/protec/ac1f262a1d6a065eb0a53110133edfc1.png,25.72万,332.22万,38.2
297,喵星人,http://img.58921.com/sites/all/movie/files/protec/de39c8c70a93c6758a1a3d2ab272f077.png,10.74万,395.7万,31.8
298,超凡战队,http://img.58921.com/sites/all/movie/files/protec/c8728cbe6fdccae3eb237617d2a37346.png,8.01万,362.63万,34.5
299,十二生肖,http://img.58921.com/sites/all/movie/files/protec/c8728cbe6fdccae3eb237617d2a37346.png,5.19万,240.97万,51.7
300,百团大战,http://img.58921.com/sites/all/movie/files/protec/36887ee65dd952c89a53e2c05c4937c1.png,5.82万,332.76万,37.4
301,陆垚知马俐,http://img.58921.com/sites/all/movie/files/protec/36887ee65dd952c89a53e2c05c4937c1.png,12.4万,333.59万,37.2
302,喜欢你,http://img.58921.com/sites/all/movie/files/protec/36887ee65dd952c89a53e2c05c4937c1.png,15.08万,340.05万,36.3
303,王牌保镖,http://img.58921.com/sites/all/movie/files/protec/7b6df2f2eda889d92704f29827901e28.png,14.67万,407.09万,30.2
304,少年派的奇幻漂流,http://img.58921.com/sites/all/movie/files/protec/7b6df2f2eda889d92704f29827901e28.png,4.26万,228.22万,53.7
305,熊出没之雪岭熊风,http://img.58921.com/sites/all/movie/files/protec/7d06df8245e4d59169426c9dbd234581.png,8.66万,274.75万,44
306,心理罪之城市之光,http://img.58921.com/sites/all/movie/files/protec/7d06df8245e4d59169426c9dbd234581.png,10.84万,358.81万,33.6
307,侠盗联盟,http://img.58921.com/sites/all/movie/files/protec/b2274325952513db8882ce2d4de0d5dd.png,10.99万,378.7万,31.7
308,诛仙Ⅰ,http://img.58921.com/sites/all/movie/files/protec/b2274325952513db8882ce2d4de0d5dd.png,18.69万,306.47万,39.2
309,无敌破坏王,http://img.58921.com/sites/all/movie/files/protec/91c0bd96128b4ce1e130f9336e8d86a7.png,16.04万,321.54万,37.1
310,致我们终将逝去的青春,http://img.58921.com/sites/all/movie/files/protec/9410344420d4e42f17d587b6137c5cc3.png,5.76万,283.13万,41.8
311,极品飞车,http://img.58921.com/sites/all/movie/files/protec/9410344420d4e42f17d587b6137c5cc3.png,6.3万,226.71万,52
312,京城81号,http://img.58921.com/sites/all/movie/files/protec/b0856dbd583638f1814c41836ff948e7.png,5.22万,237.84万,49.2
313,追捕,http://img.58921.com/sites/all/movie/files/protec/b0856dbd583638f1814c41836ff948e7.png,10.41万,351.97万,33.2
314,亲爱的,http://img.58921.com/sites/all/movie/files/protec/a745e6e658924b55d5e6d315821e07a1.png,7.62万,278.08万,41.9
315,飓风营救3,http://img.58921.com/sites/all/movie/files/protec/a745e6e658924b55d5e6d315821e07a1.png,9.66万,242.7万,47.8
316,失孤,http://img.58921.com/sites/all/movie/files/protec/a745e6e658924b55d5e6d315821e07a1.png,11.36万,309.33万,37.4
317,白发魔女传之明月天国,http://img.58921.com/sites/all/movie/files/protec/c5798dc344da7987ecea3417817e1571.png,5.4万,232.47万,49.7
318,霍比特人：史矛革之战,http://img.58921.com/sites/all/movie/files/protec/c5798dc344da7987ecea3417817e1571.png,6.08万,207.35万,55.6
319,赏金猎人,http://img.58921.com/sites/all/movie/files/protec/c5798dc344da7987ecea3417817e1571.png,10.73万,280.2万,41.1
320,追龙Ⅱ,http://img.58921.com/sites/all/movie/files/protec/fffd8c70ff10efce7a06b157fc09e2e2.png,23.91万,297.02万,37.9
321,青禾男高,http://img.58921.com/sites/all/movie/files/protec/fffd8c70ff10efce7a06b157fc09e2e2.png,9.76万,376.73万,29.9
322,攻壳机动队,http://img.58921.com/sites/all/movie/files/protec/ad011dcac06887db15ec7173d315de36.png,16.25万,284.95万,39.2
323,赤道,http://img.58921.com/sites/all/movie/files/protec/ad011dcac06887db15ec7173d315de36.png,8.41万,238.4万,46.8
324,游侠索罗：星球大战外传,http://img.58921.com/sites/all/movie/files/protec/d387f07612c2d43186bc795868c32f29.png,11.18万,308.31万,36
325,怦然星动,http://img.58921.com/sites/all/movie/files/protec/6b728bee393f44a730163569bc5e015f.png,13万,295.48万,37.4
326,微爱之渐入佳境,http://img.58921.com/sites/all/movie/files/protec/6b728bee393f44a730163569bc5e015f.png,7.74万,271.73万,40.6
327,第七子：降魔之战,http://img.58921.com/sites/all/movie/files/protec/6b728bee393f44a730163569bc5e015f.png,7.65万,225.98万,48.8
328,冈仁波齐,http://img.58921.com/sites/all/movie/files/protec/6b728bee393f44a730163569bc5e015f.png,11.52万,325.75万,33.7
329,反贪风暴2,http://img.58921.com/sites/all/movie/files/protec/6b728bee393f44a730163569bc5e015f.png,14.74万,304.11万,36.1
330,精灵旅社3：疯狂假期,http://img.58921.com/sites/all/movie/files/protec/a0ecc7ac686448a2d4676a7e11e7b7c1.png,13.3万,305.93万,35.7
331,疯狂外星人,http://img.58921.com/sites/all/movie/files/protec/44af484a0f9888274baec259d168298a.png,7.87万,238.28万,45.5
332,狄仁杰之神都龙王,http://img.58921.com/sites/all/movie/files/protec/44af484a0f9888274baec259d168298a.png,4.77万,197.57万,54.9
333,看不见的客人,http://img.58921.com/sites/all/movie/files/protec/44af484a0f9888274baec259d168298a.png,14.7万,338.85万,31.9
334,地心引力,http://img.58921.com/sites/all/movie/files/protec/44af484a0f9888274baec259d168298a.png,4.83万,192.94万,56
335,何以为家,http://img.58921.com/sites/all/movie/files/protec/44af484a0f9888274baec259d168298a.png,31.94万,333.04万,32.4
336,蓝精灵：寻找神秘村,http://img.58921.com/sites/all/movie/files/protec/44af484a0f9888274baec259d168298a.png,13.93万,301.97万,35.7
337,明月几时有,http://img.58921.com/sites/all/movie/files/protec/d3389e02dffd10c3dd8906ae31f457a7.png,9.82万,327.03万,32.8
338,反转人生,http://img.58921.com/sites/all/movie/files/protec/f3635a4e265293ec31dced69d7760b81.png,11.73万,360.29万,29.4
339,荡寇风云,http://img.58921.com/sites/all/movie/files/protec/3c46b32aa75137d60efb12b9108439af.png,8.47万,323.67万,32.6
340,奇迹男孩,http://img.58921.com/sites/all/movie/files/protec/4a445eb8d889b9c069fdc5b48c46c84f.png,12.87万,332.27万,31.4
341,七月与安生,http://img.58921.com/sites/all/movie/files/protec/4a445eb8d889b9c069fdc5b48c46c84f.png,13.25万,281.41万,36.8
342,公牛历险记,http://img.58921.com/sites/all/movie/files/protec/16bf969db3e5932202038ae6afda345b.png,11.75万,302.52万,34.2
343,马达加斯加的企鹅,http://img.58921.com/sites/all/movie/files/protec/16bf969db3e5932202038ae6afda345b.png,6.1万,225.19万,45.9
344,北京遇上西雅图,http://img.58921.com/sites/all/movie/files/protec/16bf969db3e5932202038ae6afda345b.png,5.73万,239.4万,43.1
345,中国合伙人,http://img.58921.com/sites/all/movie/files/protec/16bf969db3e5932202038ae6afda345b.png,6.31万,243.21万,42.5
346,破风,http://img.58921.com/sites/all/movie/files/protec/16bf969db3e5932202038ae6afda345b.png,10.73万,259.9万,39.6
347,毒。诫,http://img.58921.com/sites/all/movie/files/protec/16bf969db3e5932202038ae6afda345b.png,8.45万,317.3万,32.4
348,新娘大作战,http://img.58921.com/sites/all/movie/files/protec/ee86a270214cab497796e25fb85768d9.png,7.65万,241.09万,42.3
349,麻烦家族,http://img.58921.com/sites/all/movie/files/protec/ee86a270214cab497796e25fb85768d9.png,8.43万,309.95万,32.8
350,海洋奇缘,http://img.58921.com/sites/all/movie/files/protec/8193ea019873ae711410da0ff84baabd.png,13.79万,272.68万,37
351,爸爸去哪儿,http://img.58921.com/sites/all/movie/files/protec/3e38cdb2748aba058b0000f708019447.png,5.45万,244.86万,40.8
352,阿唐奇遇,http://img.58921.com/sites/all/movie/files/protec/2cd2ef27f29e79ee7629a228017b4714.png,8.35万,312.71万,31.7
353,沉睡魔咒,http://img.58921.com/sites/all/movie/files/protec/e080be8dd83448933836825cda02e7ad.png,4.83万,192.1万,51.5
354,降魔传,http://img.58921.com/sites/all/movie/files/protec/5681576aafbff634c662682ce5884170.png,8.73万,276.8万,35.4
355,精灵旅社2,http://img.58921.com/sites/all/movie/files/protec/11f397452fb6d939a83a19e867702921.png,9.75万,219.31万,44.6
356,阿尔法：狼伴归途,http://img.58921.com/sites/all/movie/files/protec/39877eed1cc08c0b0003d1b201080626.png,12.02万,272.25万,35.7
357,圆梦巨人,http://img.58921.com/sites/all/movie/files/protec/c2498820c5d17be1353e2dcefd497b76.png,15.18万,247.07万,39.4
358,复仇者联盟,http://img.58921.com/sites/all/movie/files/protec/19ca10a36e5115b2ee710f49f7d34664.png,3.68万,181.12万,53.5
359,天气之子,http://img.58921.com/sites/all/movie/files/protec/0b6b9a1640bce2e2ef165bc0b6141bd9.png,17.04万,279.13万,34.6
360,解忧杂货店,http://img.58921.com/sites/all/movie/files/protec/6f46f13191c1ec14c1401879b6e854f6.png,8.62万,289.25万,33.4
361,春娇救志明,http://img.58921.com/sites/all/movie/files/protec/ea86ba23baaa20ac07a389337ee48fb7.png,11.57万,258.2万,37.3
362,画皮II,http://img.58921.com/sites/all/movie/files/protec/80d3f88bf09d4bd5212230d8bde67528.png,4.07万,188.61万,51.1
363,夏有乔木 雅望天堂,http://img.58921.com/sites/all/movie/files/protec/784a4ecc7d7dfbdc9cc460e3c78127c5.png,10.16万,257.66万,37.3
364,疯狂原始人,http://img.58921.com/sites/all/movie/files/protec/be591c55f43a4c67ac9217a49362efe9.png,4.51万,181.18万,52.8
365,极限挑战,http://img.58921.com/sites/all/movie/files/protec/d233c03d264e9c93a42f29687d92f219.png,9.44万,252.04万,37.8
366,玩命速递：重启之战,http://img.58921.com/sites/all/movie/files/protec/6ab3d05f0281309da414aedf5e00ceab.png,8.54万,213.74万,44
367,谁的青春不迷茫,http://img.58921.com/sites/all/movie/files/protec/40eb35ec231dd4b615a8002c736787a0.png,12.15万,252.36万,37.2
368,危城,http://img.58921.com/sites/all/movie/files/protec/48ace800ea8bf836c297894aaae82fad.png,8.76万,216.34万,42.9
369,赛车总动员3：极速挑战,http://img.58921.com/sites/all/movie/files/protec/83cdcf3955a81baa48ab408ecadae4c6.png,10.57万,269.46万,34.3
370,猛虫过江,http://img.58921.com/sites/all/movie/files/protec/81fcf7fd0734a314e33c2d91924562b1.png,12.39万,284.84万,32.4
371,小飞象,http://img.58921.com/sites/all/movie/files/protec/18d0af295f265252d368191c2a695e82.png,12.2万,243.31万,37.9
372,地球最后的夜晚,http://img.58921.com/sites/all/movie/files/protec/4e3bb1ccf87d909d22f8f9b6b96848eb.png,5.2万,229.54万,40.1
373,分歧者3：忠诚世界,http://img.58921.com/sites/all/movie/files/protec/623504d91710f10526865e48db7b53e3.png,13.31万,246.54万,37.3
374,同桌的妳,http://img.58921.com/sites/all/movie/files/protec/364b08398163e76be2445a67991851c1.png,6.39万,214.36万,42.5
375,绝命海拔,http://img.58921.com/sites/all/movie/files/protec/6f7deeec6e2491c417fb01d853dc065f.png,8.13万,183.82万,49.4
376,爸爸去哪儿2,http://img.58921.com/sites/all/movie/files/protec/2c7e9dcfdb27509c1a16060ecdc4c74f.png,4.95万,229.32万,39.4
377,鲛珠传,http://img.58921.com/sites/all/movie/files/protec/30ef4eb7a7414b48ee0b559be1810f15.png,7.17万,242.39万,37.1
378,归来,http://img.58921.com/sites/all/movie/files/protec/b0954c29fbec9170d191309ea24abc8d.png,6.66万,202.81万,44.2
379,新大头儿子和小头爸爸3：俄罗斯奇遇记,http://img.58921.com/sites/all/movie/files/protec/19865ed8b19af736030caa6949507fc7.png,11.48万,251.73万,35.6
380,一条狗的使命2,http://img.58921.com/sites/all/movie/files/protec/b0c0c367a749f2a2531f608135d14383.png,23.16万,276.82万,32.1
381,爱乐之城,http://img.58921.com/sites/all/movie/files/protec/fced488a754f3bc94ffc59307aade1bf.png,12.68万,242.54万,36.6
382,云中行走,http://img.58921.com/sites/all/movie/files/protec/dd47c9fc8fcc91c312d92df8b74294de.png,8.81万,195.55万,45.1
383,憨豆特工3,http://img.58921.com/sites/all/movie/files/protec/8549f9d1d6d834031e251fef5a38fe0e.png,14.07万,279.72万,31.5
384,狂兽,http://img.58921.com/sites/all/movie/files/protec/61242497b603e666eccf9274da067640.png,7.32万,248.28万,35.5
385,罗小黑战记,http://img.58921.com/sites/all/movie/files/protec/712e23d0908c2592011515595530abce.png,19.1万,242.69万,36.3
386,警察故事2013,http://img.58921.com/sites/all/movie/files/protec/8327156dadc5c7fd4294dc58ab5ebd7c.png,4.33万,162.91万,53.8
387,澳门风云,http://img.58921.com/sites/all/movie/files/protec/7f1006679b492b1c1147cab8dd750b83.png,5.55万,208.61万,41.9
388,比得兔,http://img.58921.com/sites/all/movie/files/protec/c4f916f5f35f768ebb370507c9ef16d0.png,9.78万,278.58万,31.3
389,王朝的女人：杨贵妃,http://img.58921.com/sites/all/movie/files/protec/ab269b9059509cd1586f02fc25743fb8.png,7.83万,224.32万,38.8
390,沉睡魔咒2,http://img.58921.com/sites/all/movie/files/protec/bb3f054cb1acfa8e09e88203abc8cae6.png,15.07万,213.71万,40.5
391,大话西游之大圣娶亲,http://img.58921.com/sites/all/movie/files/protec/3a889c9c80910910e4db4439575ce54e.png,15.01万,293.64万,29.5
392,栀子花开2015,http://img.58921.com/sites/all/movie/files/protec/4dcb91c7d8d58d4594068c5d8c72b773.png,7.38万,226.03万,38.2
393,里约大冒险2,http://img.58921.com/sites/all/movie/files/protec/a69ec45d93e746b1d751c313612eef84.png,4.86万,164.14万,52.4
394,一吻定情,http://img.58921.com/sites/all/movie/files/protec/29df91eee20584aa3b516af6245b6fb5.png,8.87万,214.54万,39.9
395,撒娇女人最好命,http://img.58921.com/sites/all/movie/files/protec/f31c8a66c080d1efb1d43e979e468db7.png,6.68万,213.55万,40
396,环太平洋：雷霆再起,http://img.58921.com/sites/all/movie/files/protec/a7a6e7b32f3fca97e6e8ccc71181b645.png,8.7万,245.15万,34.7
397,世纪战元,http://img.58921.com/sites/all/movie/files/protec/30d51d370c8f096615e47afe0ac7f45e.png,5.86万,251.13万,33.7
398,大师兄,http://img.58921.com/sites/all/movie/files/protec/84b58a93e40873c2e33bea876cd56ba1.png,10.42万,248.38万,34
399,黑衣人3,http://img.58921.com/sites/all/movie/files/protec/b552071f3fc63629e283b83c1036d411.png,3.83万,162.57万,51.7
400,窃听风云3,http://img.58921.com/sites/all/movie/files/protec/dcf64dc1d96e375c7278b18d7b739334.png,6.19万,192.96万,43.6
401,极盗车神,http://img.58921.com/sites/all/movie/files/protec/8d98ef2201121ff0fc84dfe0e05265b3.png,10.21万,276.36万,30.4
402,超脑48小时,http://img.58921.com/sites/all/movie/files/protec/9b56e6585588d8006d6e3a45ce8c1f46.png,9.04万,201.08万,41.7
403,头脑特工队,http://img.58921.com/sites/all/movie/files/protec/39cdb721ee0ab98bfa7030c4972ea077.png,6.17万,176.01万,47.4
404,超人：钢铁之躯,http://img.58921.com/sites/all/movie/files/protec/dd2a692b6243561713bbd4aee2daccb6.png,3.88万,151.51万,54.9
405,像素大战,http://img.58921.com/sites/all/movie/files/protec/74bbd8a08ec7a3cfec3653c348587ada.png,10.05万,181.18万,45.9
406,冰雪奇缘,http://img.58921.com/sites/all/movie/files/protec/15187556e5c90d0d15333d42c449fcab.png,4.76万,159.5万,52.1
407,冰川时代4,http://img.58921.com/sites/all/movie/files/protec/4e015ed6fe07083014bb592805ae3b4c.png,4.43万,163.64万,50.7
408,欧洲攻略,http://img.58921.com/sites/all/movie/files/protec/97f0299f0285c9f89f355c9b59bf099b.png,7.81万,229.44万,36.2
409,谜城,http://img.58921.com/sites/all/movie/files/protec/54d0be9951d25465ab19268e473db79c.png,7.55万,217.7万,38
410,小小的愿望,http://img.58921.com/sites/all/movie/files/protec/4f8ceed07989a763daf305f52478cd1a.png,15.77万,236.47万,34.9
411,比利·林恩的中场战事,http://img.58921.com/sites/all/movie/files/protec/63a9ce7be43a18e6bd1c57aa0979c620.png,10.7万,203.28万,40.6
412,嗝嗝老师,http://img.58921.com/sites/all/movie/files/protec/ec4f4cd9ea75b93d3455d25e43400f59.png,13.8万,261.85万,31.5
413,万物生长,http://img.58921.com/sites/all/movie/files/protec/5de8d2110f1dd3552e502e8e6ec5066c.png,7.5万,209.12万,38.9
414,巴霍巴利王2：终结,http://img.58921.com/sites/all/movie/files/protec/b697bba0c65f3ce54e69f95ab889baf2.png,9.58万,253.03万,31.9
415,追凶者也,http://img.58921.com/sites/all/movie/files/protec/e230d4b1965a8dcb703a89b91a46ac68.png,10.5万,205.35万,39.1
416,金陵十三钗,http://img.58921.com/sites/all/movie/files/protec/95ee55df840f7dd7a4d666cbb8b186d1.png,2.94万,169.81万,47.1
417,大耳朵图图之美食狂想曲,http://img.58921.com/sites/all/movie/files/protec/d6d41825f9d5e2bb742775ccbe474619.png,7.02万,251.9万,31.7
418,猎神：冬日之战,http://img.58921.com/sites/all/movie/files/protec/f94b2171bbbfc7bb546aeed8af691a23.png,8.62万,179.43万,44.4
419,李雷和韩梅梅,http://img.58921.com/sites/all/movie/files/protec/8417d9bdd8e4cba45db5fd45eafcb89a.png,8.02万,274.55万,28.9
420,帕丁顿熊,http://img.58921.com/sites/all/movie/files/protec/dddc5d58c84e1103588d4849244f9ed6.png,6.17万,196.94万,40.2
421,太平轮(上),http://img.58921.com/sites/all/movie/files/protec/ec7eb70d89fe0c61820eb0e104e7521c.png,5.72万,158.5万,49.8
422,胡桃夹子和四个王国,http://img.58921.com/sites/all/movie/files/protec/1e7c92a484082a906095bf8cb9a0ad14.png,10.11万,220.9万,35.6
423,厕所英雄,http://img.58921.com/sites/all/movie/files/protec/2b51960297438e9986bab8479dc57b4a.png,10.2万,247.97万,31.5
424,马戏之王,http://img.58921.com/sites/all/movie/files/protec/5cef7f15e07996f21ce24a7465d73199.png,9.4万,236.87万,33
425,金蝉脱壳2,http://img.58921.com/sites/all/movie/files/protec/a0bd0df61d0ba35b25f7ed4de31f1fc0.png,9.92万,245.95万,31.6
426,密战,http://img.58921.com/sites/all/movie/files/protec/f7c9a275833661e7d3023be90e761744.png,7.91万,245.46万,31.6
427,驴得水,http://img.58921.com/sites/all/movie/files/protec/cdf85bff2d54a584ff5c8ea7ebb411a7.png,22.54万,224万,34.6
428,速度与激情6,http://img.58921.com/sites/all/movie/files/protec/baadea12a65662c0d0912fd245ad4dc5.png,3.91万,179.04万,43.1
429,不可思异,http://img.58921.com/sites/all/movie/files/protec/c97278dda70e4d55e9cce6b12de637b4.png,8.78万,181.95万,42.2
430,水形物语,http://img.58921.com/sites/all/movie/files/protec/8523f4863ef0930765872bd68d8ed608.png,9.46万,239.38万,31.8
431,欢乐好声音,http://img.58921.com/sites/all/movie/files/protec/592f84bcb339010b08cebad8f178a159.png,12.38万,199.89万,37.9
432,小时代,http://img.58921.com/sites/all/movie/files/protec/266552d52bc6a303586c11d694e73199.png,4.55万,182.8万,41.1
433,神探蒲松龄,http://img.58921.com/sites/all/movie/files/protec/92efe124841918e8a1173a6ad91e4b73.png,5.78万,168.1万,44.5
434,玩具总动员4,http://img.58921.com/sites/all/movie/files/protec/ac192a4bc6cc7d1ce6a9b1ee79b1ce2f.png,15.44万,187.9万,39.8
435,烟花,http://img.58921.com/sites/all/movie/files/protec/c4c08b797c11a0fdf7690445b457c0d8.png,8.01万,254.46万,29.3
436,二十二,http://img.58921.com/sites/all/movie/files/protec/88facf79621752846786088f06f4c26a.png,9.73万,235.95万,31.5
437,龙猫,http://img.58921.com/sites/all/movie/files/protec/1ecf66d1d2c9af4754613f0b76a052e3.png,12.3万,229.79万,32.3
438,单身男女2,http://img.58921.com/sites/all/movie/files/protec/a54c50e9cb80093151a64ff80e888ea1.png,5.86万,183.17万,40.1
439,星际迷航：暗黑无界,http://img.58921.com/sites/all/movie/files/protec/0bc60408617b514553c0dd0ef1442403.png,4.11万,134.56万,54.4
440,移动迷宫,http://img.58921.com/sites/all/movie/files/protec/1a4c6d5407bdb03393605d76189836a5.png,5.87万,181.26万,40.4
441,神偷奶爸2,http://img.58921.com/sites/all/movie/files/protec/6a337be7b8edeaeda5b13a232fca3e99.png,3.97万,139.34万,52.5
442,催眠大师,http://img.58921.com/sites/all/movie/files/protec/a37558dc7eb4ad84f9ce427e416d93cd.png,5.61万,171.78万,42.3
443,小门神,http://img.58921.com/sites/all/movie/files/protec/d7038e88cf850cd254d0b0be899dc5cf.png,4.44万,164.66万,44
444,云南虫谷,http://img.58921.com/sites/all/movie/files/protec/ab3578b408cfd6567d2326852167cb41.png,7.67万,188.47万,38.4
445,哆啦A梦：新·大雄的日本诞生,http://img.58921.com/sites/all/movie/files/protec/fb69be4d7f7ea26404a77ce051f1bd7d.png,9.62万,202.26万,35.7
446,机械战警,http://img.58921.com/sites/all/movie/files/protec/4344c18ca64f66b7da49bbb8f1d79d87.png,5.4万,140.61万,51.1
447,百鸟朝凤,http://img.58921.com/sites/all/movie/files/protec/4463094a2de9346cdc06930eb66b61f5.png,9.33万,190.92万,37.7
448,人间·喜剧,http://img.58921.com/sites/all/movie/files/protec/b913beab54acfa9e7337ce3427f91c23.png,8.44万,195.88万,36.7
449,十八洞村,http://img.58921.com/sites/all/movie/files/protec/57a38486732363e25691c10d9ce6e603.png,3.5万,223.07万,32.2
450,名侦探柯南：业火的向日葵,http://img.58921.com/sites/all/movie/files/protec/50eba0ec8c854062af889daf597c8dc1.png,7.95万,190.25万,37.6
451,黄飞鸿之英雄有梦,http://img.58921.com/sites/all/movie/files/protec/d988bfdb4c1cba80c4fc37a50317c702.png,4.91万,149.53万,47.5
452,非凡任务,http://img.58921.com/sites/all/movie/files/protec/bdacdbf71578135aa5e4dfbed71c8730.png,11.46万,194.35万,36.5
453,北京爱情故事,http://img.58921.com/sites/all/movie/files/protec/eb058cc34a886a9696b6191b324e421b.png,5.08万,164.8万,43
454,冲上云霄,http://img.58921.com/sites/all/movie/files/protec/2d91048e86dadd9faf0a2bdaf2575f70.png,4.13万,165.89万,42.4
455,深海越狱,http://img.58921.com/sites/all/movie/files/protec/cd92ab74a80c46564eaa47f256892ccd.png,8.17万,227.05万,31
456,雷神2：黑暗世界,http://img.58921.com/sites/all/movie/files/protec/fdaefe14224d5a30426508e6accc1273.png,3.67万,129.69万,54.1
457,傲娇与偏见,http://img.58921.com/sites/all/movie/files/protec/dd0acfbc068b358d4b0524d89819d17a.png,12.84万,227.03万,30.8
458,睡在我上铺的兄弟,http://img.58921.com/sites/all/movie/files/protec/1b3f1c64e9ca40c6716609994bea509f.png,10.94万,192.6万,36.3
459,银魂,http://img.58921.com/sites/all/movie/files/protec/6509180ccd49767459ecbf6f34694425.png,9.5万,227.51万,30.6
460,夏目友人帐,http://img.58921.com/sites/all/movie/files/protec/a2278671669f2a5543a7e00d7325d345.png,14.12万,218.24万,31.7
461,赛尔号大电影6：圣者无敌,http://img.58921.com/sites/all/movie/files/protec/7f65c3f417e5326aea42a1782e8a05f9.png,7.81万,205.43万,33.3
462,新乌龙院之笑闹江湖,http://img.58921.com/sites/all/movie/files/protec/c111988461eb1f0cd4db6a8ded916f89.png,7万,205.56万,33.3
463,古田军号,http://img.58921.com/sites/all/movie/files/protec/e59cfb71c017319bcdeceb1f316007b8.png,4.34万,186.66万,36.6
464,湮灭,http://img.58921.com/sites/all/movie/files/protec/48b5c503f359bb19ac9a9138e291ded5.png,8.51万,216.09万,31.4
465,惊天破,http://img.58921.com/sites/all/movie/files/protec/7549f0f93a0da86973071164e1258e11.png,12.78万,177.43万,37.8
466,但丁密码,http://img.58921.com/sites/all/movie/files/protec/f8abeddce74f533e319d984fea86fb59.png,19.43万,182.33万,36.4
467,银翼杀手2049,http://img.58921.com/sites/all/movie/files/protec/0c7de366da348a538c12758cd6151d0d.png,7.16万,188.03万,35.2
468,侏罗纪公园(3D),http://img.58921.com/sites/all/movie/files/protec/f8f07cc8e441e500db5a9c138091729d.png,3.27万,126.01万,52.5
469,佩小姐的奇幻城堡,http://img.58921.com/sites/all/movie/files/protec/2cb843ab69bcad0ba9eab80c2377a63b.png,8.84万,173.82万,37.8
470,名侦探柯南：绀青之拳,http://img.58921.com/sites/all/movie/files/protec/cdd9e898d7f9ad53aaa3d51d28574232.png,12.28万,190.75万,34.3
471,分歧者2：绝地反击,http://img.58921.com/sites/all/movie/files/protec/78ec63b9731c1c86e778ae2bd7c885b6.png,5.7万,135.72万,47.9
472,决战中途岛,http://img.58921.com/sites/all/movie/files/protec/7995d6a98b2476f61bc15ee3ae597f9a.png,9.97万,173.02万,37.4
473,一生一世,http://img.58921.com/sites/all/movie/files/protec/2bbe39fcd929a943290c44645a4d3708.png,5.1万,162.32万,39.8
474,罗曼蒂克消亡史,http://img.58921.com/sites/all/movie/files/protec/36619524f0baf6c88d4f3efd922c8d66.png,18.61万,181.08万,35.7
475,廉政风云,http://img.58921.com/sites/all/movie/files/protec/c19118893fbec678a20811006933a01d.png,5.1万,142.18万,45.3
476,抢红,http://img.58921.com/sites/all/movie/files/protec/815339f0fa5798b68a13fe2810b9f23a.png,5.7万,212.95万,30.2
477,暴力街区,http://img.58921.com/sites/all/movie/files/protec/cdb096f68a9f4dbacc23694a19cdecba.png,3.9万,156.28万,40.9
478,龙虾刑警,http://img.58921.com/sites/all/movie/files/protec/21c93c648c85e47567259a124767a92c.png,8.31万,194.2万,32.9
479,一念天堂,http://img.58921.com/sites/all/movie/files/protec/f9eb61e24010de559bc246daf47cca8e.png,4.98万,169.72万,37.6
480,明日世界,http://img.58921.com/sites/all/movie/files/protec/14dce03b8c7c7e4e964ca66a3b5bc0d4.png,9.57万,158.22万,40.4
481,闺蜜,http://img.58921.com/sites/all/movie/files/protec/fe04e099e275825aaa903606f71e8cf4.png,3.96万,157.36万,40.4
482,007：大破天幕杀机,http://img.58921.com/sites/all/movie/files/protec/ecccac82b15a1dac19b5fc95d3625f12.png,3.88万,151.1万,42
483,蝙蝠侠：黑暗骑士崛起,http://img.58921.com/sites/all/movie/files/protec/a71e4077a0dec17b5151338415194260.png,12,1565,40150.5
484,航海王之黄金城,http://img.58921.com/sites/all/movie/files/protec/805642c752746c15eb0866baf5f6fa82.png,10.81万,196.64万,31.7
485,双子杀手,http://img.58921.com/sites/all/movie/files/protec/3b04b4a317dd1a93279c75537ec9e550.png,8.82万,144.71万,43
486,高跟鞋先生,http://img.58921.com/sites/all/movie/files/protec/868e75a6a62ddda42c08cfdd9bf57fb8.png,6.88万,171.48万,36.3
487,博人-火影忍者剧场版,http://img.58921.com/sites/all/movie/files/protec/81d44c26c2b0f8236e15e7b6e268db83.png,9.11万,166.47万,37.4
488,风暴,http://img.58921.com/sites/all/movie/files/protec/3cdf444071195eaeede73f1929b4dffb.png,3.23万,115.28万,54
489,七十七天,http://img.58921.com/sites/all/movie/files/protec/d1c2ef169689060f0c09d85a38e268d5.png,6.95万,185.27万,33.5
490,天气预爆,http://img.58921.com/sites/all/movie/files/protec/a57bc8429ae0259cd9a783dba71f9568.png,7.68万,169.69万,36.6
491,十万个冷笑话2,http://img.58921.com/sites/all/movie/files/protec/ac6a2f3b6a906d611a43ea18d52c70a8.png,8.41万,193.91万,32
492,常在你左右,http://img.58921.com/sites/all/movie/files/protec/db92e3a6c553f7289e95fc0afbfc6666.png,6.56万,195.51万,31.5
493,幸福马上来,http://img.58921.com/sites/all/movie/files/protec/edb150afde056bd173c9a241955077ea.png,7.59万,188.3万,32.7
494,痞子英雄：黎明升起,http://img.58921.com/sites/all/movie/files/protec/088ee6f30acab453582c6edf0b347535.png,3.66万,125.12万,49.1
495,鲨滩,http://img.58921.com/sites/all/movie/files/protec/610cafb42b0ce4fa3beb900abdb9af04.png,6.95万,143.95万,42.6
496,海市蜃楼,http://img.58921.com/sites/all/movie/files/protec/a62700d4fa939f9cf2a5014640b09a2e.png,10.13万,180.94万,33.8
497,重返·狼群,http://img.58921.com/sites/all/movie/files/protec/d63e691fbc79a61a6eb375a11885cef5.png,6.18万,191.05万,31.8
498,小猪佩奇过大年,http://img.58921.com/sites/all/movie/files/protec/9ffc001e6a6cb4db9b6f1ca363d174da.png,4.49万,137.82万,44
499,上海堡垒,http://img.58921.com/sites/all/movie/files/protec/bcd03dc1b39b10fd227cfedc7590513d.png,7.85万,153.91万,39.1
500,四大名捕大结局,http://img.58921.com/sites/all/movie/files/protec/f44a96ee51d8803fca98d8283ca74e82.png,3.99万,124.91万,48.1
